<org.lamsfoundation.lams.tool.noticeboard.NoticeboardContent>
  <nbContentId>113</nbContentId>
  <title>Noticeboard</title>
  <content>&lt;div&gt;&#x0D;
	&amp;nbsp;&lt;img alt=&quot;&quot; src=&quot;/lams//www/secure/4302f96a50b9b0700150f1c9fa960005/Image//1.png&quot; style=&quot;width: 1437px; height: 1077px;&quot; /&gt;&lt;/div&gt;&#x0D;
</content>
  <onlineInstructions></onlineInstructions>
  <offlineInstructions></offlineInstructions>
  <defineLater>false</defineLater>
  <forceOffline>false</forceOffline>
  <reflectOnActivity>false</reflectOnActivity>
  <reflectInstructions></reflectInstructions>
  <contentInUse>false</contentInUse>
  <creatorUserId>1</creatorUserId>
  <dateCreated class="sql-timestamp">2015-11-10 16:39:42.0</dateCreated>
  <dateUpdated class="sql-timestamp">2015-11-10 16:39:42.0</dateUpdated>
  <nbAttachments/>
</org.lamsfoundation.lams.tool.noticeboard.NoticeboardContent>