<org.lamsfoundation.lams.tool.rsrc.model.Resource>
  <contentId>115</contentId>
  <title>Resources</title>
  <instructions>&lt;div&gt;&#x0D;
	Instructions&lt;/div&gt;&#x0D;
</instructions>
  <runOffline>false</runOffline>
  <runAuto>false</runAuto>
  <miniViewResourceNumber>0</miniViewResourceNumber>
  <allowAddFiles>false</allowAddFiles>
  <allowAddUrls>false</allowAddUrls>
  <lockWhenFinished>false</lockWhenFinished>
  <defineLater>false</defineLater>
  <contentInUse>false</contentInUse>
  <notifyTeachersOnAssigmentSumbit>false</notifyTeachersOnAssigmentSumbit>
  <onlineInstructions></onlineInstructions>
  <offlineInstructions></offlineInstructions>
  <attachments/>
  <created class="sql-timestamp">2015-11-10 16:51:31.0</created>
  <updated class="sql-timestamp">2015-11-10 16:51:31.0</updated>
  <createdBy>
    <userId>1</userId>
    <firstName>System</firstName>
    <lastName>Administrator</lastName>
    <loginName>sysadmin</loginName>
    <sessionFinished>false</sessionFinished>
    <resource reference="../.."/>
  </createdBy>
  <resourceItems>
    <org.lamsfoundation.lams.tool.rsrc.model.ResourceItem>
      <type>1</type>
      <title>Web Search</title>
      <url>http://www.google.com </url>
      <openUrlNewWindow>false</openUrlNewWindow>
      <itemInstructions>
        <org.lamsfoundation.lams.tool.rsrc.model.ResourceItemInstruction>
          <sequenceId>0</sequenceId>
          <description>Use Google to search the web</description>
        </org.lamsfoundation.lams.tool.rsrc.model.ResourceItemInstruction>
      </itemInstructions>
      <orderId>1</orderId>
      <isHide>false</isHide>
      <isCreateByAuthor>true</isCreateByAuthor>
      <createDate class="sql-timestamp">2012-04-14 03:10:25.0</createDate>
      <createBy reference="../../../createdBy"/>
      <complete>false</complete>
    </org.lamsfoundation.lams.tool.rsrc.model.ResourceItem>
    <org.lamsfoundation.lams.tool.rsrc.model.ResourceItem>
      <type>1</type>
      <title>Αποθετήριο έργου μετάφρασης OpenMRS</title>
      <url>https://github.com/ellak-monades-aristeias/OpenMRS-translation</url>
      <openUrlNewWindow>false</openUrlNewWindow>
      <itemInstructions/>
      <orderId>2</orderId>
      <isHide>false</isHide>
      <isCreateByAuthor>true</isCreateByAuthor>
      <createDate class="sql-timestamp">2015-11-10 16:51:23.0</createDate>
      <createBy reference="../../../createdBy"/>
      <complete>false</complete>
    </org.lamsfoundation.lams.tool.rsrc.model.ResourceItem>
  </resourceItems>
  <reflectOnActivity>false</reflectOnActivity>
  <reflectInstructions></reflectInstructions>
</org.lamsfoundation.lams.tool.rsrc.model.Resource>