<org.lamsfoundation.lams.tool.imageGallery.model.ImageGallery>
  <contentId>116</contentId>
  <title>Κλινικές και ερευνητικές τοποθεσίες του OpenMRS ανά τον κόσμο</title>
  <instructions>&lt;div&gt;&#x0D;
	Instructions&lt;/div&gt;&#x0D;
</instructions>
  <nextImageTitle>2</nextImageTitle>
  <runOffline>false</runOffline>
  <allowVote>false</allowVote>
  <allowCommentImages>false</allowCommentImages>
  <allowShareImages>false</allowShareImages>
  <lockWhenFinished>false</lockWhenFinished>
  <defineLater>false</defineLater>
  <contentInUse>false</contentInUse>
  <allowRank>false</allowRank>
  <onlineInstructions></onlineInstructions>
  <offlineInstructions></offlineInstructions>
  <attachments/>
  <created class="sql-timestamp">2015-11-10 16:50:28.0</created>
  <updated class="sql-timestamp">2015-11-10 16:50:28.0</updated>
  <createdBy>
    <userId>1</userId>
    <firstName>System</firstName>
    <lastName>Administrator</lastName>
    <loginName>sysadmin</loginName>
    <sessionFinished>false</sessionFinished>
    <imageGallery reference="../.."/>
  </createdBy>
  <imageGalleryItems>
    <org.lamsfoundation.lams.tool.imageGallery.model.ImageGalleryItem>
      <title>Image 1</title>
      <description></description>
      <sequenceId>1</sequenceId>
      <isHide>false</isHide>
      <isCreateByAuthor>true</isCreateByAuthor>
      <createDate class="sql-timestamp">2015-11-10 16:49:32.0</createDate>
      <createBy reference="../../../createdBy"/>
      <originalFileUuid>42</originalFileUuid>
      <originalImageWidth>799</originalImageWidth>
      <originalImageHeight>472</originalImageHeight>
      <mediumFileUuid>43</mediumFileUuid>
      <mediumImageWidth>640</mediumImageWidth>
      <mediumImageHeight>378</mediumImageHeight>
      <thumbnailFileUuid>44</thumbnailFileUuid>
      <fileVersionId>1</fileVersionId>
      <fileName>2.png</fileName>
      <fileType>image/png</fileType>
      <originalFile>
        <fileUuid>42</fileUuid>
        <fileVersionId>1</fileVersionId>
        <fileType>ONLINE</fileType>
        <fileName>2.png</fileName>
      </originalFile>
      <mediumFile>
        <fileUuid>43</fileUuid>
        <fileVersionId>1</fileVersionId>
        <fileType>ONLINE</fileType>
        <fileName>medium_2.png</fileName>
      </mediumFile>
      <thumbnailFile>
        <fileUuid>44</fileUuid>
        <fileVersionId>1</fileVersionId>
        <fileType>ONLINE</fileType>
        <fileName>thumbnail_2.png</fileName>
      </thumbnailFile>
    </org.lamsfoundation.lams.tool.imageGallery.model.ImageGalleryItem>
  </imageGalleryItems>
  <reflectOnActivity>false</reflectOnActivity>
  <reflectInstructions></reflectInstructions>
  <notifyTeachersOnImageSumbit>false</notifyTeachersOnImageSumbit>
</org.lamsfoundation.lams.tool.imageGallery.model.ImageGallery>