<org.lamsfoundation.lams.tool.noticeboard.NoticeboardContent>
  <nbContentId>117</nbContentId>
  <title>Τι είναι το OpenMRS;</title>
  <content>&lt;div&gt;&#x0D;
	Έ&amp;nu;&amp;alpha; &amp;sigma;ύ&amp;sigma;&amp;tau;&amp;eta;&amp;mu;&amp;alpha; &amp;eta;&amp;lambda;&amp;epsilon;&amp;kappa;&amp;tau;&amp;rho;&amp;omicron;-&amp;nu;&amp;iota;&amp;kappa;&amp;omicron;ύ &amp;iota;&amp;alpha;&amp;tau;&amp;rho;&amp;iota;&amp;kappa;&amp;omicron;ύ &amp;phi;&amp;alpha;&amp;kappa;έ-&amp;lambda;&amp;omicron;&amp;upsilon;, &amp;sigma;&amp;chi;&amp;epsilon;&amp;delta;&amp;iota;&amp;alpha;&amp;sigma;&amp;mu;έ&amp;nu;&amp;omicron; &amp;gamma;&amp;iota;&amp;alpha; &amp;chi;&amp;rho;ή&amp;sigma;&amp;eta; &amp;sigma;&amp;tau;&amp;iota;&amp;sigmaf; &amp;alpha;&amp;nu;&amp;alpha;&amp;pi;&amp;tau;&amp;upsilon;&amp;sigma;&amp;sigma;ό-&amp;mu;&amp;epsilon;&amp;nu;&amp;epsilon;&amp;sigmaf; &amp;chi;ώ&amp;rho;&amp;epsilon;&amp;sigmaf;.&lt;/div&gt;&#x0D;
&lt;div&gt;&#x0D;
	&amp;Iota;&amp;delta;&amp;rho;ύ&amp;theta;&amp;eta;&amp;kappa;&amp;epsilon; &amp;tau;&amp;omicron; 2004.&lt;/div&gt;&#x0D;
&lt;div&gt;&#x0D;
	&amp;nbsp;&lt;/div&gt;&#x0D;
&lt;div&gt;&#x0D;
	&lt;div&gt;&#x0D;
		&amp;Sigma;ή&amp;mu;&amp;epsilon;&amp;rho;&amp;alpha;, &amp;tau;&amp;omicron; &amp;sigma;ύ&amp;sigma;&amp;tau;&amp;eta;&amp;mu;&amp;alpha; έ-&amp;chi;&amp;epsilon;&amp;iota; &amp;epsilon;&amp;xi;&amp;epsilon;&amp;lambda;&amp;iota;&amp;chi;&amp;theta;&amp;epsilon;ί &amp;sigma;&amp;epsilon; &amp;pi;&amp;lambda;&amp;alpha;&amp;tau;&amp;phi;ό&amp;rho;-&amp;mu;&amp;alpha; &amp;iota;&amp;alpha;&amp;tau;&amp;rho;&amp;iota;&amp;kappa;ή&amp;sigmaf; &amp;pi;&amp;lambda;&amp;eta;&amp;rho;&amp;omicron;&amp;phi;&amp;omicron;&amp;rho;&amp;iota;-&amp;kappa;ή&amp;sigmaf; &amp;pi;&amp;omicron;&amp;upsilon; &amp;chi;&amp;rho;&amp;eta;&amp;sigma;&amp;iota;&amp;mu;&amp;omicron;&amp;pi;&amp;omicron;&amp;iota;&amp;epsilon;ί&amp;tau;&amp;alpha;&amp;iota; &amp;sigma;&amp;epsilon; &amp;kappa;ά&amp;theta;&amp;epsilon; ή&amp;pi;&amp;epsilon;&amp;iota;&amp;rho;&amp;omicron;, &amp;upsilon;&amp;pi;&amp;omicron;&amp;sigma;&amp;tau;&amp;eta;-&amp;rho;ί&amp;zeta;&amp;omicron;&amp;nu;&amp;tau;&amp;alpha;&amp;sigmaf; &amp;tau;&amp;eta;&amp;nu; &amp;pi;&amp;alpha;&amp;rho;&amp;omicron;&amp;chi;ή &amp;upsilon;-&amp;gamma;&amp;epsilon;&amp;iota;&amp;omicron;&amp;nu;&amp;omicron;&amp;mu;&amp;iota;&amp;kappa;ή&amp;sigmaf; &amp;pi;&amp;epsilon;&amp;rho;ί&amp;theta;&amp;alpha;&amp;lambda;&amp;psi;&amp;eta;&amp;sigmaf; &amp;kappa;&amp;alpha;&amp;iota; &amp;tau;&amp;eta;&amp;nu; έ&amp;rho;&amp;epsilon;&amp;upsilon;&amp;nu;&amp;alpha; &amp;sigma;&amp;epsilon; &amp;pi;&amp;omicron;&amp;lambda;&amp;lambda;ά &amp;pi;&amp;lambda;&amp;alpha;ί&amp;sigma;&amp;iota;&amp;alpha;.&lt;/div&gt;&#x0D;
	&lt;div&gt;&#x0D;
		&amp;nbsp;&lt;/div&gt;&#x0D;
&lt;/div&gt;&#x0D;
&lt;div&gt;&#x0D;
	&amp;nbsp;&lt;/div&gt;&#x0D;
</content>
  <onlineInstructions></onlineInstructions>
  <offlineInstructions></offlineInstructions>
  <defineLater>false</defineLater>
  <forceOffline>false</forceOffline>
  <reflectOnActivity>false</reflectOnActivity>
  <reflectInstructions></reflectInstructions>
  <contentInUse>false</contentInUse>
  <creatorUserId>1</creatorUserId>
  <dateCreated class="sql-timestamp">2015-11-10 16:45:00.0</dateCreated>
  <dateUpdated class="sql-timestamp">2015-11-10 16:45:19.0</dateUpdated>
  <nbAttachments/>
</org.lamsfoundation.lams.tool.noticeboard.NoticeboardContent>