<org.lamsfoundation.lams.tool.noticeboard.NoticeboardContent>
  <nbContentId>118</nbContentId>
  <title>Πού ταιριάζει καλύτερα το OpenMRS;</title>
  <content>&lt;div&gt;&#x0D;
	&amp;Eta; &amp;epsilon;&amp;phi;&amp;alpha;&amp;rho;&amp;mu;&amp;omicron;&amp;gamma;ή &amp;theta;έ&amp;tau;&amp;epsilon;&amp;iota; &amp;sigma;&amp;tau;&amp;omicron; &amp;kappa;έ&amp;nu;&amp;tau;&amp;rho;&amp;omicron; &amp;tau;&amp;omicron;&amp;nu; &amp;alpha;&amp;sigma;&amp;theta;&amp;epsilon;&amp;nu;ή &amp;kappa;&amp;alpha;&amp;iota; &amp;eta; &amp;beta;&amp;alpha;&amp;sigma;&amp;iota;&amp;kappa;ή &amp;pi;&amp;lambda;&amp;eta;&amp;rho;&amp;omicron;&amp;phi;&amp;omicron;&amp;rho;ί&amp;alpha; &amp;pi;&amp;omicron;&amp;upsilon; &amp;pi;&amp;epsilon;&amp;rho;&amp;iota;&amp;lambda;&amp;alpha;&amp;mu;&amp;beta;ά&amp;nu;&amp;epsilon;&amp;iota; &amp;epsilon;ί&amp;nu;&amp;alpha;&amp;iota; &amp;eta; ά&amp;mu;&amp;epsilon;&amp;sigma;&amp;eta; &amp;phi;&amp;rho;&amp;omicron;&amp;nu;&amp;tau;ί&amp;delta;&amp;alpha; &amp;sigma;&amp;tau;&amp;omicron;&amp;nu; &amp;alpha;&amp;sigma;&amp;theta;&amp;epsilon;&amp;nu;ή. &amp;Gamma;&amp;iota;&amp;alpha; &amp;pi;&amp;alpha;&amp;rho;ά&amp;delta;&amp;epsilon;&amp;iota;&amp;gamma;&amp;mu;&amp;alpha;, &amp;epsilon;ά&amp;nu; &amp;kappa;ά&amp;pi;&amp;omicron;&amp;iota;&amp;omicron;&amp;sigmaf; &amp;epsilon;&amp;pi;&amp;iota;&amp;theta;&amp;upsilon;&amp;mu;&amp;epsilon;ί &amp;tau;&amp;eta;&amp;nu; &amp;alpha;&amp;nu;&amp;alpha;&amp;zeta;ή&amp;tau;&amp;eta;&amp;sigma;&amp;eta; &amp;delta;&amp;epsilon;&amp;iota;&amp;gamma;&amp;mu;ά&amp;tau;&amp;omega;&amp;nu; &amp;epsilon;&amp;rho;&amp;gamma;&amp;alpha;&amp;sigma;&amp;tau;&amp;eta;&amp;rho;ί&amp;omicron;&amp;upsilon; &amp;theta;&amp;alpha; &amp;pi;&amp;rho;έ&amp;pi;&amp;epsilon;&amp;iota; &amp;nu;&amp;alpha; &amp;alpha;&amp;nu;&amp;alpha;&amp;zeta;&amp;eta;-&amp;tau;ή&amp;sigma;&amp;epsilon;&amp;iota; &amp;mu;&amp;iota;&amp;alpha; &amp;delta;&amp;iota;&amp;alpha;&amp;phi;&amp;omicron;&amp;rho;&amp;epsilon;&amp;tau;&amp;iota;&amp;kappa;ή &amp;epsilon;&amp;phi;&amp;alpha;&amp;rho;&amp;mu;&amp;omicron;&amp;gamma;ή.&lt;/div&gt;&#x0D;
&lt;div&gt;&#x0D;
	&amp;nbsp;&lt;/div&gt;&#x0D;
</content>
  <onlineInstructions></onlineInstructions>
  <offlineInstructions></offlineInstructions>
  <defineLater>false</defineLater>
  <forceOffline>false</forceOffline>
  <reflectOnActivity>false</reflectOnActivity>
  <reflectInstructions></reflectInstructions>
  <contentInUse>false</contentInUse>
  <creatorUserId>1</creatorUserId>
  <dateCreated class="sql-timestamp">2015-11-10 16:47:01.0</dateCreated>
  <dateUpdated class="sql-timestamp">2015-11-10 16:47:01.0</dateUpdated>
  <nbAttachments/>
</org.lamsfoundation.lams.tool.noticeboard.NoticeboardContent>