<org.lamsfoundation.lams.tool.mc.pojos.McContent>
  <mcContentId>119</mcContentId>
  <title>Ερωτήσεις</title>
  <instructions>&lt;div&gt;&#x0D;
	&amp;Epsilon;&amp;pi;&amp;iota;&amp;lambda;έ&amp;xi;&amp;tau;&amp;epsilon; &amp;tau;&amp;eta; &amp;mu;ί&amp;alpha; &amp;alpha;&amp;pi;ό &amp;tau;&amp;iota;&amp;sigmaf; &amp;delta;ύ&amp;omicron; &amp;alpha;&amp;pi;&amp;alpha;&amp;nu;&amp;tau;ή&amp;sigma;&amp;epsilon;&amp;iota;&amp;sigmaf;&lt;/div&gt;&#x0D;
</instructions>
  <defineLater>false</defineLater>
  <runOffline>false</runOffline>
  <reflect>false</reflect>
  <updateDate class="sql-timestamp">2015-11-10 16:54:19.0</updateDate>
  <questionsSequenced>false</questionsSequenced>
  <createdBy>1</createdBy>
  <contentInUse>false</contentInUse>
  <offlineInstructions></offlineInstructions>
  <onlineInstructions></onlineInstructions>
  <retries>false</retries>
  <showReport>false</showReport>
  <randomize>false</randomize>
  <displayAnswers>true</displayAnswers>
  <showMarks>false</showMarks>
  <passMark>0</passMark>
  <reflectionSubject></reflectionSubject>
  <mcQueContents class="tree-set">
    <no-comparator/>
    <org.lamsfoundation.lams.tool.mc.pojos.McQueContent>
      <question>&lt;div&gt;&#x0D;
	&amp;Tau;&amp;omicron; &amp;epsilon;&amp;rho;&amp;gamma;&amp;alpha;&amp;lambda;&amp;epsilon;ί&amp;omicron; OpenMRS &amp;epsilon;ί&amp;nu;&amp;alpha;&amp;iota; &amp;alpha;&amp;nu;&amp;omicron;&amp;iota;&amp;kappa;&amp;tau;&amp;omicron;ύ &amp;lambda;&amp;omicron;&amp;gamma;&amp;iota;&amp;sigma;&amp;mu;&amp;iota;&amp;kappa;&amp;omicron;ύ;&lt;/div&gt;&#x0D;
</question>
      <displayOrder>1</displayOrder>
      <mark>1</mark>
      <feedback></feedback>
      <mcContent reference="../../.."/>
      <mcUsrAttempts class="tree-set">
        <no-comparator/>
      </mcUsrAttempts>
      <mcOptionsContents class="tree-set">
        <no-comparator/>
        <org.lamsfoundation.lams.tool.mc.pojos.McOptsContent>
          <correctOption>false</correctOption>
          <mcQueOptionText>Όχι</mcQueOptionText>
          <displayOrder>1</displayOrder>
          <mcQueContent reference="../../.."/>
          <mcUsrAttempts class="tree-set">
            <no-comparator/>
          </mcUsrAttempts>
        </org.lamsfoundation.lams.tool.mc.pojos.McOptsContent>
        <org.lamsfoundation.lams.tool.mc.pojos.McOptsContent>
          <correctOption>true</correctOption>
          <mcQueOptionText>Ναι</mcQueOptionText>
          <displayOrder>2</displayOrder>
          <mcQueContent reference="../../.."/>
          <mcUsrAttempts class="tree-set">
            <no-comparator/>
          </mcUsrAttempts>
        </org.lamsfoundation.lams.tool.mc.pojos.McOptsContent>
      </mcOptionsContents>
    </org.lamsfoundation.lams.tool.mc.pojos.McQueContent>
  </mcQueContents>
  <mcAttachments class="tree-set">
    <no-comparator/>
  </mcAttachments>
</org.lamsfoundation.lams.tool.mc.pojos.McContent>