<org.lamsfoundation.lams.tool.noticeboard.NoticeboardContent>
  <nbContentId>120</nbContentId>
  <title>Τέλος</title>
  <content>&lt;div&gt;&#x0D;
	&amp;Epsilon;&amp;upsilon;&amp;chi;&amp;alpha;&amp;rho;&amp;iota;&amp;sigma;&amp;tau;&amp;omicron;ύ&amp;mu;&amp;epsilon;&lt;/div&gt;&#x0D;
</content>
  <onlineInstructions></onlineInstructions>
  <offlineInstructions></offlineInstructions>
  <defineLater>false</defineLater>
  <forceOffline>false</forceOffline>
  <reflectOnActivity>false</reflectOnActivity>
  <reflectInstructions></reflectInstructions>
  <contentInUse>false</contentInUse>
  <creatorUserId>1</creatorUserId>
  <dateCreated class="sql-timestamp">2015-11-10 16:55:21.0</dateCreated>
  <dateUpdated class="sql-timestamp">2015-11-10 16:55:21.0</dateUpdated>
  <nbAttachments/>
</org.lamsfoundation.lams.tool.noticeboard.NoticeboardContent>