<org.lamsfoundation.lams.learningdesign.dto.LearningDesignDTO>
  <learningDesignID>7</learningDesignID>
  <title>senario1</title>
  <firstActivityID>142</firstActivityID>
  <firstActivityUIID>2</firstActivityUIID>
  <floatingActivityID>142</floatingActivityID>
  <maxID>17</maxID>
  <validDesign>true</validDesign>
  <readOnly>false</readOnly>
  <editOverrideLock>false</editOverrideLock>
  <userID>1</userID>
  <originalUserID>1</originalUserID>
  <copyTypeID>1</copyTypeID>
  <createDateTime class="sql-timestamp">2015-11-10 16:56:54.0</createDateTime>
  <version>2.4.0.201204131000</version>
  <designVersion>1</designVersion>
  <workspaceFolderID>45</workspaceFolderID>
  <lastModifiedDateTime class="sql-timestamp">2015-11-10 16:56:54.0</lastModifiedDateTime>
  <contentFolderID>4302f96a50b9b0700150f1c9fa960005</contentFolderID>
  <groupings/>
  <activities>
    <org.lamsfoundation.lams.learningdesign.dto.AuthoringActivityDTO>
      <activityID>142</activityID>
      <activityUIID>2</activityUIID>
      <description>Tool for displaying HTML content including external sources such as images and other media.</description>
      <activityTitle>Εισαγωγή</activityTitle>
      <helpText>Displays formatted text and links to external sources on a read only page.</helpText>
      <helpURL>http://wiki.lamsfoundation.org/display/lamsdocs/lanb11</helpURL>
      <xCoord>51</xCoord>
      <yCoord>375</yCoord>
      <activityTypeID>1</activityTypeID>
      <defineLater>false</defineLater>
      <learningDesignID>7</learningDesignID>
      <learningLibraryID>2</learningLibraryID>
      <createDateTime class="sql-timestamp">2015-11-10 16:56:54.0</createDateTime>
      <runOffline>false</runOffline>
      <toolSignature>lanb11</toolSignature>
      <toolID>2</toolID>
      <toolContentID>113</toolContentID>
      <toolDisplayName>NoticeboardX</toolDisplayName>
      <toolVersion>20081209</toolVersion>
      <authoringURL>tool/lanb11/authoring.do</authoringURL>
      <monitoringURL>tool/lanb11/monitoring.do</monitoringURL>
      <activityCategoryID>4</activityCategoryID>
      <applyGrouping>false</applyGrouping>
      <groupingSupportType>2</groupingSupportType>
      <libraryActivityUIImage>tool/lanb11/images/icon_htmlnb.swf</libraryActivityUIImage>
      <readOnly>false</readOnly>
      <initialised>false</initialised>
      <stopAfterActivity>false</stopAfterActivity>
      <inputActivities/>
      <competenceMappingTitles/>
      <activityEvaluations/>
      <languageCode></languageCode>
      <supportsOutputs>false</supportsOutputs>
    </org.lamsfoundation.lams.learningdesign.dto.AuthoringActivityDTO>
    <org.lamsfoundation.lams.learningdesign.dto.AuthoringActivityDTO>
      <activityID>143</activityID>
      <activityUIID>5</activityUIID>
      <description>Tool for displaying HTML content including external sources such as images and other media.</description>
      <activityTitle>Τι είναι το OpenMRS;</activityTitle>
      <helpText>Displays formatted text and links to external sources on a read only page.</helpText>
      <helpURL>http://wiki.lamsfoundation.org/display/lamsdocs/lanb11</helpURL>
      <xCoord>240</xCoord>
      <yCoord>375</yCoord>
      <activityTypeID>1</activityTypeID>
      <defineLater>false</defineLater>
      <learningDesignID>7</learningDesignID>
      <learningLibraryID>2</learningLibraryID>
      <createDateTime class="sql-timestamp">2015-11-10 16:56:54.0</createDateTime>
      <runOffline>false</runOffline>
      <toolSignature>lanb11</toolSignature>
      <toolID>2</toolID>
      <toolContentID>117</toolContentID>
      <toolDisplayName>NoticeboardX</toolDisplayName>
      <toolVersion>20081209</toolVersion>
      <authoringURL>tool/lanb11/authoring.do</authoringURL>
      <monitoringURL>tool/lanb11/monitoring.do</monitoringURL>
      <activityCategoryID>4</activityCategoryID>
      <applyGrouping>false</applyGrouping>
      <groupingSupportType>2</groupingSupportType>
      <libraryActivityUIImage>tool/lanb11/images/icon_htmlnb.swf</libraryActivityUIImage>
      <readOnly>false</readOnly>
      <initialised>false</initialised>
      <stopAfterActivity>false</stopAfterActivity>
      <inputActivities/>
      <competenceMappingTitles/>
      <activityEvaluations/>
      <languageCode></languageCode>
      <supportsOutputs>false</supportsOutputs>
    </org.lamsfoundation.lams.learningdesign.dto.AuthoringActivityDTO>
    <org.lamsfoundation.lams.learningdesign.dto.AuthoringActivityDTO>
      <activityID>144</activityID>
      <activityUIID>6</activityUIID>
      <description>Tool for displaying HTML content including external sources such as images and other media.</description>
      <activityTitle>Πού ταιριάζει καλύτερα το OpenMRS;</activityTitle>
      <helpText>Displays formatted text and links to external sources on a read only page.</helpText>
      <helpURL>http://wiki.lamsfoundation.org/display/lamsdocs/lanb11</helpURL>
      <xCoord>433</xCoord>
      <yCoord>373</yCoord>
      <activityTypeID>1</activityTypeID>
      <defineLater>false</defineLater>
      <learningDesignID>7</learningDesignID>
      <learningLibraryID>2</learningLibraryID>
      <createDateTime class="sql-timestamp">2015-11-10 16:56:54.0</createDateTime>
      <runOffline>false</runOffline>
      <toolSignature>lanb11</toolSignature>
      <toolID>2</toolID>
      <toolContentID>118</toolContentID>
      <toolDisplayName>NoticeboardX</toolDisplayName>
      <toolVersion>20081209</toolVersion>
      <authoringURL>tool/lanb11/authoring.do</authoringURL>
      <monitoringURL>tool/lanb11/monitoring.do</monitoringURL>
      <activityCategoryID>4</activityCategoryID>
      <applyGrouping>false</applyGrouping>
      <groupingSupportType>2</groupingSupportType>
      <libraryActivityUIImage>tool/lanb11/images/icon_htmlnb.swf</libraryActivityUIImage>
      <readOnly>false</readOnly>
      <initialised>false</initialised>
      <stopAfterActivity>false</stopAfterActivity>
      <inputActivities/>
      <competenceMappingTitles/>
      <activityEvaluations/>
      <languageCode></languageCode>
      <supportsOutputs>false</supportsOutputs>
    </org.lamsfoundation.lams.learningdesign.dto.AuthoringActivityDTO>
    <org.lamsfoundation.lams.learningdesign.dto.AuthoringActivityDTO>
      <activityID>145</activityID>
      <activityUIID>8</activityUIID>
      <description>Gallery to share images with others.</description>
      <activityTitle>Κλινικές και ερευνητικές τοποθεσίες του OpenMRS ανά τον κόσμ</activityTitle>
      <helpText>Uploading your images to share with others.</helpText>
      <helpURL>http://wiki.lamsfoundation.org/display/lamsdocs/laimag10</helpURL>
      <xCoord>637</xCoord>
      <yCoord>371</yCoord>
      <activityTypeID>1</activityTypeID>
      <defineLater>false</defineLater>
      <learningDesignID>7</learningDesignID>
      <learningLibraryID>16</learningLibraryID>
      <createDateTime class="sql-timestamp">2015-11-10 16:56:54.0</createDateTime>
      <runOffline>false</runOffline>
      <toolSignature>laimag10</toolSignature>
      <toolID>16</toolID>
      <toolContentID>116</toolContentID>
      <toolDisplayName>ImageGallery</toolDisplayName>
      <toolVersion>20090819</toolVersion>
      <authoringURL>tool/laimag10/authoring/start.do</authoringURL>
      <monitoringURL>tool/laimag10/monitoring/summary.do</monitoringURL>
      <contributeURL>tool/laimag10/contribute.do</contributeURL>
      <moderationURL>tool/laimag10/moderate.do</moderationURL>
      <adminURL>tool/laimag10/laimag10admin/start.do</adminURL>
      <activityCategoryID>4</activityCategoryID>
      <applyGrouping>false</applyGrouping>
      <groupingSupportType>2</groupingSupportType>
      <libraryActivityUIImage>tool/laimag10/images/icon_imageGallery.swf</libraryActivityUIImage>
      <readOnly>false</readOnly>
      <initialised>false</initialised>
      <stopAfterActivity>false</stopAfterActivity>
      <inputActivities/>
      <competenceMappingTitles/>
      <activityEvaluations/>
      <languageCode></languageCode>
      <supportsOutputs>true</supportsOutputs>
    </org.lamsfoundation.lams.learningdesign.dto.AuthoringActivityDTO>
    <org.lamsfoundation.lams.learningdesign.dto.AuthoringActivityDTO>
      <activityID>146</activityID>
      <activityUIID>9</activityUIID>
      <description>Sharing resources with others.</description>
      <activityTitle>Share Resources</activityTitle>
      <helpText>Uploading your resources to share with others.</helpText>
      <helpURL>http://wiki.lamsfoundation.org/display/lamsdocs/larsrc11</helpURL>
      <xCoord>164</xCoord>
      <yCoord>479</yCoord>
      <activityTypeID>1</activityTypeID>
      <defineLater>false</defineLater>
      <learningDesignID>7</learningDesignID>
      <learningLibraryID>6</learningLibraryID>
      <createDateTime class="sql-timestamp">2015-11-10 16:56:54.0</createDateTime>
      <runOffline>false</runOffline>
      <toolSignature>larsrc11</toolSignature>
      <toolID>6</toolID>
      <toolContentID>115</toolContentID>
      <toolDisplayName>Shared Resources</toolDisplayName>
      <toolVersion>20110810</toolVersion>
      <authoringURL>tool/larsrc11/authoring/start.do</authoringURL>
      <monitoringURL>tool/larsrc11/monitoring/summary.do</monitoringURL>
      <contributeURL>tool/larsrc11/contribute.do</contributeURL>
      <moderationURL>tool/larsrc11/moderate.do</moderationURL>
      <activityCategoryID>4</activityCategoryID>
      <applyGrouping>false</applyGrouping>
      <groupingSupportType>2</groupingSupportType>
      <libraryActivityUIImage>tool/larsrc11/images/icon_rsrc.swf</libraryActivityUIImage>
      <readOnly>false</readOnly>
      <initialised>false</initialised>
      <stopAfterActivity>false</stopAfterActivity>
      <inputActivities/>
      <competenceMappingTitles/>
      <activityEvaluations/>
      <languageCode></languageCode>
      <supportsOutputs>false</supportsOutputs>
    </org.lamsfoundation.lams.learningdesign.dto.AuthoringActivityDTO>
    <org.lamsfoundation.lams.learningdesign.dto.AuthoringActivityDTO>
      <activityID>147</activityID>
      <activityUIID>10</activityUIID>
      <description>Creates automated assessment questions. e.g. Multiple choice and true/false questions. Can provide feedback and scores.</description>
      <activityTitle>Multiple Choice</activityTitle>
      <helpText>Learner answers a series of automated assessment questions. e.g. Multiple choice and true/false questions. Optional features include feedback on each question and scoring. Questions are weighted for scoring.</helpText>
      <helpURL>http://wiki.lamsfoundation.org/display/lamsdocs/lamc11</helpURL>
      <xCoord>367</xCoord>
      <yCoord>480</yCoord>
      <activityTypeID>1</activityTypeID>
      <defineLater>false</defineLater>
      <learningDesignID>7</learningDesignID>
      <learningLibraryID>25</learningLibraryID>
      <createDateTime class="sql-timestamp">2015-11-10 16:56:54.0</createDateTime>
      <runOffline>false</runOffline>
      <toolSignature>lamc11</toolSignature>
      <toolID>25</toolID>
      <toolContentID>119</toolContentID>
      <toolDisplayName>MCQ</toolDisplayName>
      <toolVersion>20110416</toolVersion>
      <authoringURL>tool/lamc11/authoringStarter.do</authoringURL>
      <monitoringURL>tool/lamc11/monitoringStarter.do</monitoringURL>
      <contributeURL>tool/lamc11/monitoringStarter.do</contributeURL>
      <moderationURL>tool/lamc11/monitoringStarter.do</moderationURL>
      <activityCategoryID>3</activityCategoryID>
      <applyGrouping>false</applyGrouping>
      <groupingSupportType>2</groupingSupportType>
      <libraryActivityUIImage>tool/lamc11/images/icon_mcq.swf</libraryActivityUIImage>
      <readOnly>false</readOnly>
      <initialised>false</initialised>
      <stopAfterActivity>false</stopAfterActivity>
      <inputActivities/>
      <competenceMappingTitles/>
      <activityEvaluations>
        <string>learner.mark</string>
      </activityEvaluations>
      <languageCode></languageCode>
      <supportsOutputs>true</supportsOutputs>
    </org.lamsfoundation.lams.learningdesign.dto.AuthoringActivityDTO>
    <org.lamsfoundation.lams.learningdesign.dto.AuthoringActivityDTO>
      <activityID>148</activityID>
      <activityUIID>11</activityUIID>
      <description>Tool for displaying HTML content including external sources such as images and other media.</description>
      <activityTitle>Noticeboard</activityTitle>
      <helpText>Displays formatted text and links to external sources on a read only page.</helpText>
      <helpURL>http://wiki.lamsfoundation.org/display/lamsdocs/lanb11</helpURL>
      <xCoord>538</xCoord>
      <yCoord>484</yCoord>
      <activityTypeID>1</activityTypeID>
      <defineLater>false</defineLater>
      <learningDesignID>7</learningDesignID>
      <learningLibraryID>2</learningLibraryID>
      <createDateTime class="sql-timestamp">2015-11-10 16:56:54.0</createDateTime>
      <runOffline>false</runOffline>
      <toolSignature>lanb11</toolSignature>
      <toolID>2</toolID>
      <toolContentID>120</toolContentID>
      <toolDisplayName>NoticeboardX</toolDisplayName>
      <toolVersion>20081209</toolVersion>
      <authoringURL>tool/lanb11/authoring.do</authoringURL>
      <monitoringURL>tool/lanb11/monitoring.do</monitoringURL>
      <activityCategoryID>4</activityCategoryID>
      <applyGrouping>false</applyGrouping>
      <groupingSupportType>2</groupingSupportType>
      <libraryActivityUIImage>tool/lanb11/images/icon_htmlnb.swf</libraryActivityUIImage>
      <readOnly>false</readOnly>
      <initialised>false</initialised>
      <stopAfterActivity>false</stopAfterActivity>
      <inputActivities/>
      <competenceMappingTitles/>
      <activityEvaluations/>
      <languageCode></languageCode>
      <supportsOutputs>false</supportsOutputs>
    </org.lamsfoundation.lams.learningdesign.dto.AuthoringActivityDTO>
  </activities>
  <transitions>
    <org.lamsfoundation.lams.learningdesign.dto.TransitionDTO>
      <transitionID>73</transitionID>
      <transitionUIID>16</transitionUIID>
      <toUIID>11</toUIID>
      <fromUIID>10</fromUIID>
      <createDateTime class="sql-timestamp">2015-11-10 16:56:54.0</createDateTime>
      <toActivityID>148</toActivityID>
      <fromActivityID>147</fromActivityID>
      <learningDesignID>7</learningDesignID>
      <transitionType>0</transitionType>
      <dataFlowObjects/>
    </org.lamsfoundation.lams.learningdesign.dto.TransitionDTO>
    <org.lamsfoundation.lams.learningdesign.dto.TransitionDTO>
      <transitionID>74</transitionID>
      <transitionUIID>17</transitionUIID>
      <toUIID>9</toUIID>
      <fromUIID>8</fromUIID>
      <createDateTime class="sql-timestamp">2015-11-10 16:56:54.0</createDateTime>
      <toActivityID>146</toActivityID>
      <fromActivityID>145</fromActivityID>
      <learningDesignID>7</learningDesignID>
      <transitionType>0</transitionType>
      <dataFlowObjects/>
    </org.lamsfoundation.lams.learningdesign.dto.TransitionDTO>
    <org.lamsfoundation.lams.learningdesign.dto.TransitionDTO>
      <transitionID>71</transitionID>
      <transitionUIID>14</transitionUIID>
      <toUIID>8</toUIID>
      <fromUIID>6</fromUIID>
      <createDateTime class="sql-timestamp">2015-11-10 16:56:54.0</createDateTime>
      <toActivityID>145</toActivityID>
      <fromActivityID>144</fromActivityID>
      <learningDesignID>7</learningDesignID>
      <transitionType>0</transitionType>
      <dataFlowObjects/>
    </org.lamsfoundation.lams.learningdesign.dto.TransitionDTO>
    <org.lamsfoundation.lams.learningdesign.dto.TransitionDTO>
      <transitionID>72</transitionID>
      <transitionUIID>15</transitionUIID>
      <toUIID>10</toUIID>
      <fromUIID>9</fromUIID>
      <createDateTime class="sql-timestamp">2015-11-10 16:56:54.0</createDateTime>
      <toActivityID>147</toActivityID>
      <fromActivityID>146</fromActivityID>
      <learningDesignID>7</learningDesignID>
      <transitionType>0</transitionType>
      <dataFlowObjects/>
    </org.lamsfoundation.lams.learningdesign.dto.TransitionDTO>
    <org.lamsfoundation.lams.learningdesign.dto.TransitionDTO>
      <transitionID>69</transitionID>
      <transitionUIID>12</transitionUIID>
      <toUIID>5</toUIID>
      <fromUIID>2</fromUIID>
      <createDateTime class="sql-timestamp">2015-11-10 16:56:54.0</createDateTime>
      <toActivityID>143</toActivityID>
      <fromActivityID>142</fromActivityID>
      <learningDesignID>7</learningDesignID>
      <transitionType>0</transitionType>
      <dataFlowObjects/>
    </org.lamsfoundation.lams.learningdesign.dto.TransitionDTO>
    <org.lamsfoundation.lams.learningdesign.dto.TransitionDTO>
      <transitionID>70</transitionID>
      <transitionUIID>13</transitionUIID>
      <toUIID>6</toUIID>
      <fromUIID>5</fromUIID>
      <createDateTime class="sql-timestamp">2015-11-10 16:56:54.0</createDateTime>
      <toActivityID>144</toActivityID>
      <fromActivityID>143</fromActivityID>
      <learningDesignID>7</learningDesignID>
      <transitionType>0</transitionType>
      <dataFlowObjects/>
    </org.lamsfoundation.lams.learningdesign.dto.TransitionDTO>
  </transitions>
  <branchMappings/>
  <competences/>
</org.lamsfoundation.lams.learningdesign.dto.LearningDesignDTO>